{"cameraMode":{"drawMode":0,"name":"Shaded","section":"Shading Mode"},"sceneLighting":true,"audioPlay":false,"sceneViewState":{"showFog":false,"showMaterialUpdate":false,"showSkybox":false,"showFlares":false,"showImageEffects":true,"showParticleSystems":true},"in2DMode":false,"pivot":{"x":12.831482887268067,"y":214.60165405273438,"z":197.9445037841797},"rotation":{"x":-0.03252653777599335,"y":-0.9202157855033875,"z":0.3821374475955963,"w":-0.07831556349992752},"size":837.798583984375,"orthographic":false}