{"cameraMode":{"drawMode":0,"name":"Shaded","section":"Shading Mode"},"sceneLighting":true,"audioPlay":false,"sceneViewState":{"showFog":false,"showMaterialUpdate":false,"showSkybox":false,"showFlares":false,"showImageEffects":true,"showParticleSystems":true},"in2DMode":false,"pivot":{"x":-3.7243947982788088,"y":34.365875244140628,"z":226.76730346679688},"rotation":{"x":0.13709311187267304,"y":-0.8463188409805298,"z":0.2617972791194916,"w":0.44318580627441409},"size":1409.341552734375,"orthographic":false}