{"cameraMode":{"drawMode":0,"name":"Shaded","section":"Shading Mode"},"sceneLighting":true,"audioPlay":false,"sceneViewState":{"showFog":false,"showMaterialUpdate":false,"showSkybox":false,"showFlares":false,"showImageEffects":true,"showParticleSystems":true},"in2DMode":false,"pivot":{"x":197.60455322265626,"y":56.86336898803711,"z":166.086669921875},"rotation":{"x":0.06122288480401039,"y":-0.9068227410316467,"z":0.14152275025844575,"w":0.39229536056518557},"size":903.560791015625,"orthographic":false}